request_id,payment_option_id,payment_type,number_of_payments,days_between_payments,first_payment_date,payment_amount,financing_fee,total_payable
request_26,opt_1,installments,3,30,2025-08-03,5323040.0,313120.0,15969120.0
request_26,opt_2,installments,4,15,2025-08-03,4070560.0,626240.0,16282240.0
request_27,opt_3,installments,3,30,2026-07-05,2267.8,133.4,6803.4
request_27,opt_4,installments,4,15,2026-07-05,1734.2,266.8,6936.8
request_28,opt_5,installments,3,30,2024-06-07,442.82,26.05,1328.46
request_28,opt_6,installments,4,15,2024-06-07,338.62,52.1,1354.48
request_29,opt_7,installments,3,30,2025-11-04,17518.16,1030.48,52554.48
request_29,opt_8,installments,4,15,2025-11-04,13396.24,2060.96,53584.96
request_30,opt_9,installments,3,30,2026-04-06,263.57,15.5,790.71
request_30,opt_10,installments,4,15,2026-04-06,201.55,31.01,806.2
request_31,opt_11,installments,3,30,2024-09-03,6175760.0,363280.0,18527280.0
request_31,opt_12,installments,4,15,2024-09-03,4722640.0,726560.0,18890560.0
request_32,opt_13,installments,3,30,2025-02-05,13606.12,800.36,40818.36
request_32,opt_14,installments,4,15,2025-02-05,10404.68,1600.72,41618.72
request_33,opt_15,installments,3,30,2026-01-07,40120.0,2360.0,120360.0
request_33,opt_16,installments,4,15,2026-01-07,30680.0,4720.0,122720.0
request_34,opt_17,installments,3,30,2024-12-04,43996.0,2588.0,131988.0
request_34,opt_18,installments,4,15,2024-12-04,33644.0,5176.0,134576.0
request_35,opt_19,installments,3,30,2025-10-30,72080.0,4240.0,216240.0
request_35,opt_20,installments,4,15,2025-10-30,55120.0,8480.0,220480.0
request_36,opt_21,installments,3,30,2026-07-03,1344.36,79.08,4033.08
request_36,opt_22,installments,4,15,2026-07-03,1028.04,158.16,4112.16
request_37,opt_23,installments,3,30,2024-03-05,4980660.0,292980.0,14941980.0
request_37,opt_24,installments,4,15,2024-03-05,3808740.0,585960.0,15234960.0
request_38,opt_25,installments,3,30,2025-08-07,330.24,19.43,990.72
request_38,opt_26,installments,4,15,2025-08-07,252.54,38.85,1010.16
request_39,opt_27,installments,3,30,2026-04-04,70924.0,4172.0,212772.0
request_39,opt_28,installments,4,15,2026-04-04,54236.0,8344.0,216944.0
request_40,opt_29,installments,3,30,2024-06-06,438.7,25.81,1316.1
request_40,opt_30,installments,4,15,2024-06-06,335.48,51.61,1341.92
request_41,opt_31,installments,3,30,2025-11-03,13178400.0,775200.0,39535200.0
request_41,opt_32,installments,4,15,2025-11-03,10077600.0,1550400.0,40310400.0
request_42,opt_33,installments,3,30,2026-01-05,17714.0,1042.0,53142.0
request_42,opt_34,installments,4,15,2026-01-05,13546.0,2084.0,54184.0
request_43,opt_35,installments,3,30,2024-09-07,14735260.0,866780.0,44205780.0
request_43,opt_36,installments,4,15,2024-09-07,11268140.0,1733560.0,45072560.0
request_44,opt_37,installments,3,30,2025-02-04,32572.0,1916.0,97716.0
request_44,opt_38,installments,4,15,2025-02-04,24908.0,3832.0,99632.0
request_45,opt_39,installments,3,30,2026-07-06,7474220.0,439660.0,22422660.0
request_45,opt_40,installments,4,15,2026-07-06,5715580.0,879320.0,22862320.0
request_46,opt_41,installments,3,30,2024-12-03,16813.0,989.0,50439.0
request_46,opt_42,installments,4,15,2024-12-03,12857.0,1978.0,51428.0
request_47,opt_43,installments,3,30,2025-05-05,12958760.0,762280.0,38876280.0
request_47,opt_44,installments,4,15,2025-05-05,9909640.0,1524560.0,39638560.0
request_48,opt_45,installments,3,30,2026-07-25,15538.0,914.0,46614.0
request_48,opt_46,installments,4,15,2026-07-25,11882.0,1828.0,47528.0
request_49,opt_47,installments,3,30,2024-03-04,11673220.0,686660.0,35019660.0
request_49,opt_48,installments,4,15,2024-03-04,8926580.0,1373320.0,35706320.0
request_50,opt_49,installments,3,30,2025-08-06,14926.0,878.0,44778.0
request_50,opt_50,installments,4,15,2025-08-06,11414.0,1756.0,45656.0
request_51,opt_51,installments,3,30,2026-01-03,744940.0,43820.0,2234820.0
request_51,opt_52,installments,4,15,2026-01-03,569660.0,87640.0,2278640.0
request_52,opt_53,installments,3,30,2024-06-05,9815.8,577.4,29447.4
request_52,opt_54,installments,4,15,2024-06-05,7506.2,1154.8,30024.8
request_53,opt_55,installments,3,30,2025-11-07,577.73,33.98,1733.19
request_53,opt_56,installments,4,15,2025-11-07,441.79,67.97,1767.16
request_54,opt_57,installments,3,30,2026-07-04,41319.52,2430.56,123958.56
request_54,opt_58,installments,4,15,2026-07-04,31597.28,4861.12,126389.12
request_55,opt_59,installments,3,30,2026-06-08,74324.0,4372.0,222972.0
request_55,opt_60,installments,4,15,2026-06-08,56836.0,8744.0,227344.0
request_56,opt_61,installments,3,30,2025-02-03,299.73,17.63,899.19
request_56,opt_62,installments,4,15,2025-02-03,229.21,35.26,916.84
request_57,opt_63,installments,3,30,2026-04-05,20891.64,1228.92,62674.92
request_57,opt_64,installments,4,15,2026-04-05,15975.96,2457.84,63903.84
request_58,opt_65,installments,3,30,2024-12-07,5516840.0,324520.0,16550520.0
request_58,opt_66,installments,4,15,2024-12-07,4218760.0,649040.0,16875040.0
request_59,opt_67,installments,3,30,2025-05-04,47804.0,2812.0,143412.0
request_59,opt_68,installments,4,15,2025-05-04,36556.0,5624.0,146224.0
request_60,opt_69,installments,3,30,2026-01-06,67.96,4.0,203.88
request_60,opt_70,installments,4,15,2026-01-06,51.97,8.0,207.88
request_61,opt_71,installments,3,30,2024-03-03,9881.08,581.24,29643.24
request_61,opt_72,installments,4,15,2024-03-03,7556.12,1162.48,30224.48
request_62,opt_73,installments,3,30,2025-08-05,137.44,8.08,412.32
request_62,opt_74,installments,4,15,2025-08-05,105.1,16.17,420.4
request_63,opt_75,installments,3,30,2026-07-07,116926.0,6878.0,350778.0
request_63,opt_76,installments,4,15,2026-07-07,89414.0,13756.0,357656.0
request_64,opt_77,installments,3,30,2024-06-04,21658.0,1274.0,64974.0
request_64,opt_78,installments,4,15,2024-06-04,16562.0,2548.0,66248.0
request_65,opt_79,installments,3,30,2025-11-06,18475.6,1086.8,55426.8
request_65,opt_80,installments,4,15,2025-11-06,14128.4,2173.6,56513.6
request_66,opt_81,installments,3,30,2026-04-03,7548.0,444.0,22644.0
request_66,opt_82,installments,4,15,2026-04-03,5772.0,888.0,23088.0
request_67,opt_83,installments,3,30,2024-09-05,711.96,41.88,2135.88
request_67,opt_84,installments,4,15,2024-09-05,544.44,83.76,2177.76
request_68,opt_85,installments,3,30,2025-02-07,711.14,41.83,2133.42
request_68,opt_86,installments,4,15,2025-02-07,543.82,83.66,2175.28
request_69,opt_87,installments,3,30,2026-01-04,179.89,10.58,539.67
request_69,opt_88,installments,4,15,2026-01-04,137.57,21.16,550.28
request_70,opt_89,installments,3,30,2024-12-06,82926.0,4878.0,248778.0
request_70,opt_90,installments,4,15,2024-12-06,63414.0,9756.0,253656.0
request_71,opt_91,installments,3,30,2025-05-03,7293340.0,429020.0,21880020.0
request_71,opt_92,installments,4,15,2025-05-03,5577260.0,858040.0,22309040.0
request_72,opt_93,installments,3,30,2026-07-05,3852.2,226.6,11556.6
request_72,opt_94,installments,4,15,2026-07-05,2945.8,453.2,11783.2
request_73,opt_95,installments,3,30,2023-01-20,24276.0,1428.0,72828.0
request_73,opt_96,installments,4,15,2023-01-20,18564.0,2856.0,74256.0
request_74,opt_97,installments,3,30,2025-08-04,1703.4,100.2,5110.2
request_74,opt_98,installments,4,15,2025-08-04,1302.6,200.4,5210.4
request_75,opt_99,installments,3,30,2026-04-06,9611.8,565.4,28835.4
request_75,opt_100,installments,4,15,2026-04-06,7350.2,1130.8,29400.8
request_76,opt_101,installments,3,30,2024-06-03,1514.9,89.11,4544.7
request_76,opt_102,installments,4,15,2024-06-03,1158.46,178.22,4633.84
request_77,opt_103,installments,3,30,2025-11-05,20638.0,1214.0,61914.0
request_77,opt_104,installments,4,15,2025-11-05,15782.0,2428.0,63128.0
request_78,opt_105,installments,3,30,2025-10-02,17068.0,1004.0,51204.0
request_78,opt_106,installments,4,15,2025-10-02,13052.0,2008.0,52208.0
request_79,opt_107,installments,3,30,2024-09-04,731.54,43.03,2194.62
request_79,opt_108,installments,4,15,2024-09-04,559.42,86.06,2237.68
request_80,opt_109,installments,3,30,2025-02-06,73950.0,4350.0,221850.0
request_80,opt_110,installments,4,15,2025-02-06,56550.0,8700.0,226200.0
request_81,opt_111,installments,3,30,2026-07-03,705.84,41.52,2117.52
request_81,opt_112,installments,4,15,2026-07-03,539.76,83.04,2159.04
request_82,opt_113,installments,3,30,2024-12-05,477.77,28.1,1433.31
request_82,opt_114,installments,4,15,2024-12-05,365.35,56.21,1461.4
request_83,opt_115,installments,3,30,2025-05-07,53108.0,3124.0,159324.0
request_83,opt_116,installments,4,15,2025-05-07,40612.0,6248.0,162448.0
request_84,opt_117,installments,3,30,2026-04-04,32436.0,1908.0,97308.0
request_84,opt_118,installments,4,15,2026-04-04,24804.0,3816.0,99216.0
request_85,opt_119,installments,3,30,2024-03-06,6563360.0,386080.0,19690080.0
request_85,opt_120,installments,4,15,2024-03-06,5019040.0,772160.0,20076160.0
request_86,opt_121,installments,3,30,2025-08-03,15742.0,926.0,47226.0
request_86,opt_122,installments,4,15,2025-08-03,12038.0,1852.0,48152.0
request_87,opt_123,installments,3,30,2026-01-05,165886.0,9758.0,497658.0
request_87,opt_124,installments,4,15,2026-01-05,126854.0,19516.0,507416.0
request_88,opt_125,installments,3,30,2024-06-07,8871.28,521.84,26613.84
request_88,opt_126,installments,4,15,2024-06-07,6783.92,1043.68,27135.68
request_89,opt_127,installments,3,30,2025-11-04,4677040.0,275120.0,14031120.0
request_89,opt_128,installments,4,15,2025-11-04,3576560.0,550240.0,14306240.0
request_90,opt_129,installments,3,30,2026-07-06,870.4,51.2,2611.2
request_90,opt_130,installments,4,15,2026-07-06,665.6,102.4,2662.4
request_91,opt_131,installments,3,30,2024-09-03,655.25,38.54,1965.75
request_91,opt_132,installments,4,15,2024-09-03,501.07,77.09,2004.28
request_92,opt_133,installments,3,30,2025-02-05,11571.56,680.68,34714.68
request_92,opt_134,installments,4,15,2025-02-05,8848.84,1361.36,35395.36
request_93,opt_135,installments,3,30,2026-04-07,587.93,34.58,1763.79
request_93,opt_136,installments,4,15,2026-04-07,449.59,69.17,1798.36
request_94,opt_137,installments,3,30,2024-12-04,194.48,11.44,583.44
request_94,opt_138,installments,4,15,2024-12-04,148.72,22.88,594.88
request_95,opt_139,installments,3,30,2025-05-06,188020.0,11060.0,564060.0
request_95,opt_140,installments,4,15,2025-05-06,143780.0,22120.0,575120.0
request_96,opt_141,installments,3,30,2026-01-03,30668.0,1804.0,92004.0
request_96,opt_142,installments,4,15,2026-01-03,23452.0,3608.0,93808.0
request_97,opt_143,installments,3,30,2024-03-05,7988.64,469.92,23965.92
request_97,opt_144,installments,4,15,2024-03-05,6108.96,939.84,24435.84
request_98,opt_145,installments,3,30,2025-08-07,9230.32,542.96,27690.96
request_98,opt_146,installments,4,15,2025-08-07,7058.48,1085.92,28233.92
request_99,opt_147,installments,3,30,2026-07-04,6141.08,361.24,18423.24
request_99,opt_148,installments,4,15,2026-07-04,4696.12,722.48,18784.48
request_100,opt_149,installments,3,30,2024-06-06,12618.76,742.28,37856.28
request_100,opt_150,installments,4,15,2024-06-06,9649.64,1484.56,38598.56
request_101,opt_151,installments,3,30,2025-11-03,48790.0,2870.0,146370.0
request_101,opt_152,installments,4,15,2025-11-03,37310.0,5740.0,149240.0
request_102,opt_153,installments,3,30,2026-04-05,583.44,34.32,1750.32
request_102,opt_154,installments,4,15,2026-04-05,446.16,68.64,1784.64
request_103,opt_155,installments,3,30,2024-09-07,125222.0,7366.0,375666.0
request_103,opt_156,installments,4,15,2024-09-07,95758.0,14732.0,383032.0
request_104,opt_157,installments,3,30,2025-02-04,5849.36,344.08,17548.08
request_104,opt_158,installments,4,15,2025-02-04,4473.04,688.16,17892.16
request_105,opt_159,installments,3,30,2026-06-08,18190.0,1070.0,54570.0
request_105,opt_160,installments,4,15,2026-06-08,13910.0,2140.0,55640.0
request_106,opt_161,installments,3,30,2024-12-03,750.62,44.15,2251.86
request_106,opt_162,installments,4,15,2024-12-03,574.0,88.31,2296.0
request_107,opt_163,installments,3,30,2025-05-05,861.7,50.69,2585.1
request_107,opt_164,installments,4,15,2025-05-05,658.94,101.38,2635.76
request_108,opt_165,installments,3,30,2026-07-07,18804.72,1106.16,56414.16
request_108,opt_166,installments,4,15,2026-07-07,14380.08,2212.32,57520.32
request_109,opt_167,installments,3,30,2024-03-04,633.56,37.27,1900.68
request_109,opt_168,installments,4,15,2024-03-04,484.48,74.54,1937.92
request_110,opt_169,installments,3,30,2025-08-06,7599.68,447.04,22799.04
request_110,opt_170,installments,4,15,2025-08-06,5811.52,894.08,23246.08
request_111,opt_171,installments,3,30,2026-04-03,5652500.0,332500.0,16957500.0
request_111,opt_172,installments,4,15,2026-04-03,4322500.0,665000.0,17290000.0
request_112,opt_173,installments,3,30,2024-06-05,92.38,5.43,277.14
request_112,opt_174,installments,4,15,2024-06-05,70.64,10.87,282.56
request_113,opt_175,installments,3,30,2026-09-04,12410.0,730.0,37230.0
request_113,opt_176,installments,4,15,2026-09-04,9490.0,1460.0,37960.0
request_114,opt_177,installments,3,30,2026-01-04,22202.0,1306.0,66606.0
request_114,opt_178,installments,4,15,2026-01-04,16978.0,2612.0,67912.0
request_115,opt_179,installments,3,30,2024-09-06,27370.0,1610.0,82110.0
request_115,opt_180,installments,4,15,2024-09-06,20930.0,3220.0,83720.0
request_116,opt_181,installments,3,30,2025-02-03,82008.0,4824.0,246024.0
request_116,opt_182,installments,4,15,2025-02-03,62712.0,9648.0,250848.0
request_117,opt_183,installments,3,30,2026-07-05,299.2,17.6,897.6
request_117,opt_184,installments,4,15,2026-07-05,228.8,35.2,915.2
request_118,opt_185,installments,3,30,2024-12-07,250.95,14.76,752.85
request_118,opt_186,installments,4,15,2024-12-07,191.91,29.52,767.64
request_119,opt_187,installments,3,30,2025-05-04,69190.0,4070.0,207570.0
request_119,opt_188,installments,4,15,2025-05-04,52910.0,8140.0,211640.0
request_120,opt_189,installments,3,30,2026-04-06,2622760.0,154280.0,7868280.0
request_120,opt_190,installments,4,15,2026-04-06,2005640.0,308560.0,8022560.0
request_121,opt_191,installments,3,30,2024-03-03,215.42,12.67,646.26
request_121,opt_192,installments,4,15,2024-03-03,164.74,25.34,658.96
request_122,opt_193,installments,3,30,2025-08-05,6989720.0,411160.0,20969160.0
request_122,opt_194,installments,4,15,2025-08-05,5345080.0,822320.0,21380320.0
request_123,opt_195,installments,3,30,2026-01-07,1385840.0,81520.0,4157520.0
request_123,opt_196,installments,4,15,2026-01-07,1059760.0,163040.0,4239040.0
request_124,opt_197,installments,3,30,2024-06-04,1055.43,62.08,3166.29
request_124,opt_198,installments,4,15,2024-06-04,807.09,124.17,3228.36
request_125,opt_199,installments,3,30,2025-11-06,2199.12,129.36,6597.36
request_125,opt_200,installments,4,15,2025-11-06,1681.68,258.72,6726.72
request_126,opt_201,installments,3,30,2026-07-03,54264.0,3192.0,162792.0
request_126,opt_202,installments,4,15,2026-07-03,41496.0,6384.0,165984.0
request_127,opt_203,installments,3,30,2024-09-05,8153.2,479.6,24459.6
request_127,opt_204,installments,4,15,2024-09-05,6234.8,959.2,24939.2
request_128,opt_205,installments,3,30,2025-02-07,8557.12,503.36,25671.36
request_128,opt_206,installments,4,15,2025-02-07,6543.68,1006.72,26174.72
request_129,opt_207,installments,3,30,2026-04-04,907.39,53.38,2722.17
request_129,opt_208,installments,4,15,2026-04-04,693.89,106.75,2775.56
request_130,opt_209,installments,3,30,2024-12-06,672.79,39.58,2018.37
request_130,opt_210,installments,4,15,2024-12-06,514.49,79.15,2057.96
request_131,opt_211,installments,3,30,2025-05-03,630.77,37.1,1892.31
request_131,opt_212,installments,4,15,2025-05-03,482.35,74.21,1929.4
request_132,opt_213,installments,3,30,2026-01-05,129.15,7.6,387.45
request_132,opt_214,installments,4,15,2026-01-05,98.76,15.19,395.04
request_133,opt_215,installments,3,30,2024-03-07,5361800.0,315400.0,16085400.0
request_133,opt_216,installments,4,15,2024-03-07,4100200.0,630800.0,16400800.0
request_134,opt_217,installments,3,30,2025-08-04,7422540.0,436620.0,22267620.0
request_134,opt_218,installments,4,15,2025-08-04,5676060.0,873240.0,22704240.0
request_135,opt_219,installments,3,30,2026-07-06,103.63,6.1,310.89
request_135,opt_220,installments,4,15,2026-07-06,79.25,12.19,317.0
request_136,opt_221,installments,3,30,2024-06-03,190.54,11.21,571.62
request_136,opt_222,installments,4,15,2024-06-03,145.7,22.42,582.8
request_137,opt_223,installments,3,30,2025-11-05,27234.0,1602.0,81702.0
request_137,opt_224,installments,4,15,2025-11-05,20826.0,3204.0,83304.0
request_138,opt_225,installments,3,30,2026-04-07,427.36,25.14,1282.08
request_138,opt_226,installments,4,15,2026-04-07,326.8,50.28,1307.2
request_139,opt_227,installments,3,30,2024-09-04,787.44,46.32,2362.32
request_139,opt_228,installments,4,15,2024-09-04,602.16,92.64,2408.64
request_140,opt_229,installments,3,30,2025-02-06,21362.88,1256.64,64088.64
request_140,opt_230,installments,4,15,2025-02-06,16336.32,2513.28,65345.28
request_141,opt_231,installments,3,30,2026-01-03,58344.0,3432.0,175032.0
request_141,opt_232,installments,4,15,2026-01-03,44616.0,6864.0,178464.0
request_142,opt_233,installments,3,30,2024-12-05,429.62,25.27,1288.86
request_142,opt_234,installments,4,15,2024-12-05,328.54,50.54,1314.16
request_143,opt_235,installments,3,30,2025-05-07,4278.56,251.68,12835.68
request_143,opt_236,installments,4,15,2025-05-07,3271.84,503.36,13087.36
request_144,opt_237,installments,3,30,2026-07-04,79.34,4.67,238.02
request_144,opt_238,installments,4,15,2026-07-04,60.67,9.33,242.68
request_145,opt_239,installments,3,30,2024-03-06,73916.0,4348.0,221748.0
request_145,opt_240,installments,4,15,2024-03-06,56524.0,8696.0,226096.0
request_146,opt_241,installments,3,30,2025-08-03,152796.0,8988.0,458388.0
request_146,opt_242,installments,4,15,2025-08-03,116844.0,17976.0,467376.0
request_147,opt_243,installments,3,30,2026-04-05,384.1,22.59,1152.3
request_147,opt_244,installments,4,15,2026-04-05,293.72,45.19,1174.88
request_148,opt_245,installments,3,30,2024-06-07,7562.28,444.84,22686.84
request_148,opt_246,installments,4,15,2024-06-07,5782.92,889.68,23131.68
request_149,opt_247,installments,3,30,2025-11-04,12461.68,733.04,37385.04
request_149,opt_248,installments,4,15,2025-11-04,9529.52,1466.08,38118.08
request_150,opt_249,installments,3,30,2026-01-06,168.67,9.92,506.01
request_150,opt_250,installments,4,15,2026-01-06,128.99,19.84,515.96
request_151,opt_251,installments,3,30,2024-09-03,9179660.0,539980.0,27538980.0
request_151,opt_252,installments,4,15,2024-09-03,7019740.0,1079960.0,28078960.0
request_152,opt_253,installments,3,30,2025-02-05,4719.88,277.64,14159.64
request_152,opt_254,installments,4,15,2025-02-05,3609.32,555.28,14437.28
request_153,opt_255,installments,3,30,2026-07-07,962.47,56.62,2887.41
request_153,opt_256,installments,4,15,2026-07-07,736.01,113.23,2944.04
request_154,opt_257,installments,3,30,2024-12-04,552.77,32.52,1658.31
request_154,opt_258,installments,4,15,2024-12-04,422.71,65.03,1690.84
request_155,opt_259,installments,3,30,2025-05-06,38250.0,2250.0,114750.0
request_155,opt_260,installments,4,15,2025-05-06,29250.0,4500.0,117000.0
request_156,opt_261,installments,3,30,2026-04-03,14645.84,861.52,43937.52
request_156,opt_262,installments,4,15,2026-04-03,11199.76,1723.04,44799.04
request_157,opt_263,installments,3,30,2024-03-05,7991020.0,470060.0,23973060.0
request_157,opt_264,installments,4,15,2024-03-05,6110780.0,940120.0,24443120.0
request_158,opt_265,installments,3,30,2025-08-07,82484.0,4852.0,247452.0
request_158,opt_266,installments,4,15,2025-08-07,63076.0,9704.0,252304.0
request_159,opt_267,installments,3,30,2026-01-04,4555.32,267.96,13665.96
request_159,opt_268,installments,4,15,2026-01-04,3483.48,535.92,13933.92
request_160,opt_269,installments,3,30,2024-06-06,423.74,24.93,1271.22
request_160,opt_270,installments,4,15,2024-06-06,324.04,49.85,1296.16
request_161,opt_271,installments,3,30,2025-11-03,7209360.0,424080.0,21628080.0
request_161,opt_272,installments,4,15,2025-11-03,5513040.0,848160.0,22052160.0
request_162,opt_273,installments,3,30,2026-07-05,28533820.0,1678460.0,85601460.0
request_162,opt_274,installments,4,15,2026-07-05,21819980.0,3356920.0,87279920.0
request_163,opt_275,installments,3,30,2024-09-07,6563360.0,386080.0,19690080.0
request_163,opt_276,installments,4,15,2024-09-07,5019040.0,772160.0,20076160.0
request_164,opt_277,installments,3,30,2025-02-04,9186120.0,540360.0,27558360.0
request_164,opt_278,installments,4,15,2025-02-04,7024680.0,1080720.0,28098720.0
request_165,opt_279,installments,3,30,2026-04-06,27404.0,1612.0,82212.0
request_165,opt_280,installments,4,15,2026-04-06,20956.0,3224.0,83824.0
request_166,opt_281,installments,3,30,2024-12-03,988.58,58.15,2965.74
request_166,opt_282,installments,4,15,2024-12-03,755.98,116.3,3023.92
request_167,opt_283,installments,3,30,2025-05-05,14892.68,876.04,44678.04
request_167,opt_284,installments,4,15,2025-05-05,11388.52,1752.08,45554.08
request_168,opt_285,installments,3,30,2026-01-07,16789.2,987.6,50367.6
request_168,opt_286,installments,4,15,2026-01-07,12838.8,1975.2,51355.2
request_169,opt_287,installments,3,30,2024-03-04,14271.84,839.52,42815.52
request_169,opt_288,installments,4,15,2024-03-04,10913.76,1679.04,43655.04
request_170,opt_289,installments,3,30,2025-08-06,12558240.0,738720.0,37674720.0
request_170,opt_290,installments,4,15,2025-08-06,9603360.0,1477440.0,38413440.0
request_171,opt_291,installments,3,30,2026-07-03,638.79,37.58,1916.37
request_171,opt_292,installments,4,15,2026-07-03,488.49,75.15,1953.96
request_172,opt_293,installments,3,30,2024-06-05,3468.0,204.0,10404.0
request_172,opt_294,installments,4,15,2024-06-05,2652.0,408.0,10608.0
request_173,opt_295,installments,3,30,2025-11-07,38420.0,2260.0,115260.0
request_173,opt_296,installments,4,15,2025-11-07,29380.0,4520.0,117520.0
request_174,opt_297,installments,3,30,2026-04-04,389.71,22.92,1169.13
request_174,opt_298,installments,4,15,2026-04-04,298.01,45.85,1192.04
request_175,opt_299,installments,3,30,2024-09-06,797.74,46.93,2393.22
request_175,opt_300,installments,4,15,2024-09-06,610.04,93.85,2440.16
request_176,opt_301,installments,3,30,2025-02-03,421.5,24.79,1264.5
request_176,opt_302,installments,4,15,2025-02-03,322.32,49.59,1289.28
request_177,opt_303,installments,3,30,2026-01-05,345.98,20.35,1037.94
request_177,opt_304,installments,4,15,2026-01-05,264.58,40.7,1058.32
request_178,opt_305,installments,3,30,2024-12-07,998.95,58.76,2996.85
request_178,opt_306,installments,4,15,2024-12-07,763.91,117.52,3055.64
request_179,opt_307,installments,3,30,2025-05-04,14160320.0,832960.0,42480960.0
request_179,opt_308,installments,4,15,2025-05-04,10828480.0,1665920.0,43313920.0
request_180,opt_309,installments,3,30,2026-07-06,22610.0,1330.0,67830.0
request_180,opt_310,installments,4,15,2026-07-06,17290.0,2660.0,69160.0
request_181,opt_311,installments,3,30,2024-03-03,1720.13,101.18,5160.39
request_181,opt_312,installments,4,15,2024-03-03,1315.39,202.37,5261.56
request_182,opt_313,installments,3,30,2025-08-05,22342.76,1314.28,67028.28
request_182,opt_314,installments,4,15,2025-08-05,17085.64,2628.56,68342.56
request_183,opt_315,installments,3,30,2026-04-07,9134440.0,537320.0,27403320.0
request_183,opt_316,installments,4,15,2026-04-07,6985160.0,1074640.0,27940640.0
request_184,opt_317,installments,3,30,2024-06-04,85646.0,5038.0,256938.0
request_184,opt_318,installments,4,15,2024-06-04,65494.0,10076.0,261976.0
request_185,opt_319,installments,3,30,2025-11-06,427.48,25.15,1282.44
request_185,opt_320,installments,4,15,2025-11-06,326.9,50.29,1307.6
request_186,opt_321,installments,3,30,2026-01-03,9028.36,531.08,27085.08
request_186,opt_322,installments,4,15,2026-01-03,6904.04,1062.16,27616.16
request_187,opt_323,installments,3,30,2024-09-05,63750.0,3750.0,191250.0
request_187,opt_324,installments,4,15,2024-09-05,48750.0,7500.0,195000.0
request_188,opt_325,installments,3,30,2025-02-07,837.76,49.28,2513.28
request_188,opt_326,installments,4,15,2025-02-07,640.64,98.56,2562.56
request_189,opt_327,installments,3,30,2026-07-04,166.06,9.77,498.18
request_189,opt_328,installments,4,15,2026-07-04,126.98,19.54,507.92
request_190,opt_329,installments,3,30,2024-12-06,869.55,51.15,2608.65
request_190,opt_330,installments,4,15,2024-12-06,664.95,102.3,2659.8
request_191,opt_331,installments,3,30,2025-05-03,225.9,13.29,677.7
request_191,opt_332,installments,4,15,2025-05-03,172.74,26.58,690.96
request_192,opt_333,installments,3,30,2026-04-05,695.64,40.92,2086.92
request_192,opt_334,installments,4,15,2026-04-05,531.96,81.84,2127.84
request_193,opt_335,installments,3,30,2024-03-07,412.15,24.24,1236.45
request_193,opt_336,installments,4,15,2024-03-07,315.17,48.49,1260.68
request_194,opt_337,installments,3,30,2025-08-04,45152.0,2656.0,135456.0
request_194,opt_338,installments,4,15,2025-08-04,34528.0,5312.0,138112.0
request_195,opt_339,installments,3,30,2026-01-06,397.94,23.41,1193.82
request_195,opt_340,installments,4,15,2026-01-06,304.3,46.82,1217.2
request_196,opt_341,installments,3,30,2024-06-03,259.18,15.25,777.54
request_196,opt_342,installments,4,15,2024-06-03,198.2,30.49,792.8
request_197,opt_343,installments,3,30,2025-11-05,17319260.0,1018780.0,51957780.0
request_197,opt_344,installments,4,15,2025-11-05,13244140.0,2037560.0,52976560.0
request_198,opt_345,installments,3,30,2026-07-07,63172.0,3716.0,189516.0
request_198,opt_346,installments,4,15,2026-07-07,48308.0,7432.0,193232.0
request_199,opt_347,installments,3,30,2024-09-04,8049160.0,473480.0,24147480.0
request_199,opt_348,installments,4,15,2024-09-04,6155240.0,946960.0,24620960.0
request_200,opt_349,installments,3,30,2025-02-06,7383780.0,434340.0,22151340.0
request_200,opt_350,installments,4,15,2025-02-06,5646420.0,868680.0,22585680.0
request_201,opt_351,installments,3,30,2026-04-03,8158980.0,479940.0,24476940.0
request_201,opt_352,installments,4,15,2026-04-03,6239220.0,959880.0,24956880.0
request_202,opt_353,installments,3,30,2024-12-05,42126.0,2478.0,126378.0
request_202,opt_354,installments,4,15,2024-12-05,32214.0,4956.0,128856.0
request_203,opt_355,installments,3,30,2025-05-07,490.31,28.84,1470.93
request_203,opt_356,installments,4,15,2025-05-07,374.95,57.68,1499.8
request_204,opt_357,installments,3,30,2026-01-04,200.17,11.77,600.51
request_204,opt_358,installments,4,15,2026-01-04,153.07,23.55,612.28
request_205,opt_359,installments,3,30,2024-03-06,3611140.0,212420.0,10833420.0
request_205,opt_360,installments,4,15,2024-03-06,2761460.0,424840.0,11045840.0
request_206,opt_361,installments,3,30,2025-08-03,477.6,28.09,1432.8
request_206,opt_362,installments,4,15,2025-08-03,365.22,56.19,1460.88
request_207,opt_363,installments,3,30,2026-07-05,4022.2,236.6,12066.6
request_207,opt_364,installments,4,15,2026-07-05,3075.8,473.2,12303.2
request_208,opt_365,installments,3,30,2024-06-07,1500420.0,88260.0,4501260.0
request_208,opt_366,installments,4,15,2024-06-07,1147380.0,176520.0,4589520.0
request_209,opt_367,installments,3,30,2025-11-04,19350.76,1138.28,58052.28
request_209,opt_368,installments,4,15,2025-11-04,14797.64,2276.56,59190.56
request_210,opt_369,installments,3,30,2026-04-06,462.41,27.2,1387.23
request_210,opt_370,installments,4,15,2026-04-06,353.61,54.4,1414.44
request_211,opt_371,installments,3,30,2024-09-03,608.12,35.77,1824.36
request_211,opt_372,installments,4,15,2024-09-03,465.04,71.54,1860.16
request_212,opt_373,installments,3,30,2025-02-05,24457560.0,1438680.0,73372680.0
request_212,opt_374,installments,4,15,2025-02-05,18702840.0,2877360.0,74811360.0
request_213,opt_375,installments,3,30,2026-01-07,1143.22,67.25,3429.66
request_213,opt_376,installments,4,15,2026-01-07,874.22,134.5,3496.88
request_214,opt_377,installments,3,30,2024-12-04,23715.0,1395.0,71145.0
request_214,opt_378,installments,4,15,2024-12-04,18135.0,2790.0,72540.0
request_215,opt_379,installments,3,30,2025-05-06,10195.24,599.72,30585.72
request_215,opt_380,installments,4,15,2025-05-06,7796.36,1199.44,31185.44
request_216,opt_381,installments,3,30,2026-07-03,1133.02,66.65,3399.06
request_216,opt_382,installments,4,15,2026-07-03,866.42,133.3,3465.68
request_217,opt_383,installments,3,30,2024-03-05,12641.2,743.6,37923.6
request_217,opt_384,installments,4,15,2024-03-05,9666.8,1487.2,38667.2
request_218,opt_385,installments,3,30,2025-08-07,20788280.0,1222840.0,62364840.0
request_218,opt_386,installments,4,15,2025-08-07,15896920.0,2445680.0,63587680.0
request_219,opt_387,installments,3,30,2026-04-04,568.85,33.46,1706.55
request_219,opt_388,installments,4,15,2026-04-04,435.01,66.92,1740.04
request_220,opt_389,installments,3,30,2024-06-06,1060.29,62.37,3180.87
request_220,opt_390,installments,4,15,2024-06-06,810.81,124.74,3243.24
request_221,opt_391,installments,3,30,2025-11-03,37332.0,2196.0,111996.0
request_221,opt_392,installments,4,15,2025-11-03,28548.0,4392.0,114192.0
request_222,opt_393,installments,3,30,2026-01-05,11586.52,681.56,34759.56
request_222,opt_394,installments,4,15,2026-01-05,8860.28,1363.12,35441.12
request_223,opt_395,installments,3,30,2024-09-07,305.56,17.97,916.68
request_223,opt_396,installments,4,15,2024-09-07,233.66,35.95,934.64
request_224,opt_397,installments,3,30,2025-02-04,3511180.0,206540.0,10533540.0
request_224,opt_398,installments,4,15,2025-02-04,2685020.0,413080.0,10740080.0
request_225,opt_399,installments,3,30,2026-07-06,7500060.0,441180.0,22500180.0
request_225,opt_400,installments,4,15,2026-07-06,5735340.0,882360.0,22941360.0
request_226,opt_401,installments,3,30,2024-12-03,53380.0,3140.0,160140.0
request_226,opt_402,installments,4,15,2024-12-03,40820.0,6280.0,163280.0
request_227,opt_403,installments,3,30,2025-05-05,88298.0,5194.0,264894.0
request_227,opt_404,installments,4,15,2025-05-05,67522.0,10388.0,270088.0
request_228,opt_405,installments,3,30,2026-04-07,21531180.0,1266540.0,64593540.0
request_228,opt_406,installments,4,15,2026-04-07,16465020.0,2533080.0,65860080.0
request_229,opt_407,installments,3,30,2024-03-04,519.11,30.54,1557.33
request_229,opt_408,installments,4,15,2024-03-04,396.97,61.07,1587.88
request_230,opt_409,installments,3,30,2025-08-06,1202.78,70.75,3608.34
request_230,opt_410,installments,4,15,2025-08-06,919.78,141.5,3679.12
request_231,opt_411,installments,3,30,2026-01-03,12140.04,714.12,36420.12
request_231,opt_412,installments,4,15,2026-01-03,9283.56,1428.24,37134.24
request_232,opt_413,installments,3,30,2024-06-05,669.83,39.4,2009.49
request_232,opt_414,installments,4,15,2024-06-05,512.23,78.8,2048.92
request_233,opt_415,installments,3,30,2025-11-07,2121940.0,124820.0,6365820.0
request_233,opt_416,installments,4,15,2025-11-07,1622660.0,249640.0,6490640.0
request_234,opt_417,installments,3,30,2026-07-04,412.52,24.27,1237.56
request_234,opt_418,installments,4,15,2026-07-04,315.46,48.53,1261.84
request_235,opt_419,installments,3,30,2024-09-06,328.85,19.34,986.55
request_235,opt_420,installments,4,15,2024-09-06,251.47,38.69,1005.88
request_236,opt_421,installments,3,30,2025-02-03,17810220.0,1047660.0,53430660.0
request_236,opt_422,installments,4,15,2025-02-03,13619580.0,2095320.0,54478320.0
request_237,opt_423,installments,3,30,2026-04-05,8100840.0,476520.0,24302520.0
request_237,opt_424,installments,4,15,2026-04-05,6194760.0,953040.0,24779040.0
request_238,opt_425,installments,3,30,2024-12-07,225.62,13.27,676.86
request_238,opt_426,installments,4,15,2024-12-07,172.54,26.54,690.16
request_239,opt_427,installments,3,30,2025-05-04,218.28,12.84,654.84
request_239,opt_428,installments,4,15,2025-05-04,166.92,25.68,667.68
request_240,opt_429,installments,3,30,2026-01-06,34408.0,2024.0,103224.0
request_240,opt_430,installments,4,15,2026-01-06,26312.0,4048.0,105248.0
request_241,opt_431,installments,3,30,2024-03-03,7157680.0,421040.0,21473040.0
request_241,opt_432,installments,4,15,2024-03-03,5473520.0,842080.0,21894080.0
request_242,opt_433,installments,3,30,2025-08-05,668.71,39.34,2006.13
request_242,opt_434,installments,4,15,2025-08-05,511.37,78.67,2045.48
request_243,opt_435,installments,3,30,2026-07-07,5939.12,349.36,17817.36
request_243,opt_436,installments,4,15,2026-07-07,4541.68,698.72,18166.72
request_244,opt_437,installments,3,30,2024-06-04,16972.12,998.36,50916.36
request_244,opt_438,installments,4,15,2024-06-04,12978.68,1996.72,51914.72
request_245,opt_439,installments,3,30,2025-11-06,43690.0,2570.0,131070.0
request_245,opt_440,installments,4,15,2025-11-06,33410.0,5140.0,133640.0
request_246,opt_441,installments,3,30,2026-04-03,21789.24,1281.72,65367.72
request_246,opt_442,installments,4,15,2026-04-03,16662.36,2563.44,66649.44
request_247,opt_443,installments,3,30,2024-09-05,360.16,21.19,1080.48
request_247,opt_444,installments,4,15,2024-09-05,275.42,42.37,1101.68
request_248,opt_445,installments,3,30,2025-02-07,668.3,39.31,2004.9
request_248,opt_446,installments,4,15,2025-02-07,511.06,78.62,2044.24
request_249,opt_447,installments,3,30,2026-01-04,218.69,12.86,656.07
request_249,opt_448,installments,4,15,2026-01-04,167.23,25.73,668.92
request_250,opt_449,installments,3,30,2024-12-06,42254.52,2485.56,126763.56
request_250,opt_450,installments,4,15,2024-12-06,32312.28,4971.12,129249.12
request_251,opt_451,installments,3,30,2025-05-03,514.62,30.27,1543.86
request_251,opt_452,installments,4,15,2025-05-03,393.54,60.54,1574.16
request_252,opt_453,installments,3,30,2026-07-05,9547880.0,561640.0,28643640.0
request_252,opt_454,installments,4,15,2026-07-05,7301320.0,1123280.0,29205280.0
request_253,opt_455,installments,3,30,2024-03-07,965.67,56.8,2897.01
request_253,opt_456,installments,4,15,2024-03-07,738.45,113.61,2953.8
request_254,opt_457,installments,3,30,2025-08-04,1201.97,70.7,3605.91
request_254,opt_458,installments,4,15,2025-08-04,919.15,141.41,3676.6
request_255,opt_459,installments,3,30,2026-04-06,1137300.0,66900.0,3411900.0
request_255,opt_460,installments,4,15,2026-04-06,869700.0,133800.0,3478800.0
request_256,opt_461,installments,3,30,2024-06-03,74358.0,4374.0,223074.0
request_256,opt_462,installments,4,15,2024-06-03,56862.0,8748.0,227448.0
request_257,opt_463,installments,3,30,2025-11-05,459.82,27.05,1379.46
request_257,opt_464,installments,4,15,2025-11-05,351.62,54.1,1406.48
request_258,opt_465,installments,3,30,2026-01-07,378.62,22.27,1135.86
request_258,opt_466,installments,4,15,2026-01-07,289.54,44.54,1158.16
request_259,opt_467,installments,3,30,2024-09-04,317.9,18.7,953.7
request_259,opt_468,installments,4,15,2024-09-04,243.1,37.4,972.4
request_260,opt_469,installments,3,30,2025-02-06,17706860.0,1041580.0,53120580.0
request_260,opt_470,installments,4,15,2025-02-06,13540540.0,2083160.0,54162160.0
request_261,opt_471,installments,3,30,2026-07-03,622.34,36.61,1867.02
request_261,opt_472,installments,4,15,2026-07-03,475.9,73.22,1903.6
request_262,opt_473,installments,3,30,2024-12-05,3140240.0,184720.0,9420720.0
request_262,opt_474,installments,4,15,2024-12-05,2401360.0,369440.0,9605440.0
request_263,opt_475,installments,3,30,2025-05-07,17525.64,1030.92,52576.92
request_263,opt_476,installments,4,15,2025-05-07,13401.96,2061.84,53607.84
request_264,opt_477,installments,3,30,2026-04-04,37842.0,2226.0,113526.0
request_264,opt_478,installments,4,15,2026-04-04,28938.0,4452.0,115752.0
request_265,opt_479,installments,3,30,2024-03-06,15629.8,919.4,46889.4
request_265,opt_480,installments,4,15,2024-03-06,11952.2,1838.8,47808.8
request_266,opt_481,installments,3,30,2025-08-03,317.9,18.7,953.7
request_266,opt_482,installments,4,15,2025-08-03,243.1,37.4,972.4
request_267,opt_483,installments,3,30,2026-01-05,654.5,38.5,1963.5
request_267,opt_484,installments,4,15,2026-01-05,500.5,77.0,2002.0
request_268,opt_485,installments,3,30,2024-06-07,825.04,48.53,2475.12
request_268,opt_486,installments,4,15,2024-06-07,630.92,97.06,2523.68
request_269,opt_487,installments,3,30,2025-11-04,5266.6,309.8,15799.8
request_269,opt_488,installments,4,15,2025-11-04,4027.4,619.6,16109.6
request_270,opt_489,installments,3,30,2026-07-06,1029.79,60.58,3089.37
request_270,opt_490,installments,4,15,2026-07-06,787.49,121.15,3149.96
request_271,opt_491,installments,3,30,2024-09-03,31042.0,1826.0,93126.0
request_271,opt_492,installments,4,15,2024-09-03,23738.0,3652.0,94952.0
request_272,opt_493,installments,3,30,2025-02-05,4618900.0,271700.0,13856700.0
request_272,opt_494,installments,4,15,2025-02-05,3532100.0,543400.0,14128400.0
request_273,opt_495,installments,3,30,2026-04-07,5392740.0,317220.0,16178220.0
request_273,opt_496,installments,4,15,2026-04-07,4123860.0,634440.0,16495440.0
request_274,opt_497,installments,3,30,2024-12-04,922.66,54.27,2767.98
request_274,opt_498,installments,4,15,2024-12-04,705.56,108.55,2822.24
request_275,opt_499,installments,3,30,2025-05-06,5400560.0,317680.0,16201680.0
request_275,opt_500,installments,4,15,2025-05-06,4129840.0,635360.0,16519360.0
